,price.open,price.high,price.low,price.close,volume,price.adjusted,ref.date,ticker,ret.adjusted.prices,ret.closing.prices,5 Day Percent Change,Direction
1,57.240002,57.5,56.700001,56.790001,486200,53.362873,9/20/2017,NFG,NA,NA,,
2,56.66,57.169998,56.240002,56.279999,180200,52.883648,9/21/2017,NFG,-0.008980495,-0.008980489,,
3,56.330002,56.66,55.84,56.610001,282200,53.193733,9/22/2017,NFG,0.005863533,0.005863575,,
4,56.549999,57.73,56.549999,57.509998,404800,54.039421,9/25/2017,NFG,0.015898264,0.015898198,,
5,57.459999,57.57,57.060001,57.099998,304000,53.654163,9/26/2017,NFG,-0.007129203,-0.007129195,0.11%,E
6,57.139999,57.560001,56.419998,57.549999,372300,54.077003,9/27/2017,NFG,0.007880842,0.007880928,0.45%,E
7,57.130001,57.169998,56.610001,57.119999,299200,54.062813,9/28/2017,NFG,-0.000262404,-0.007471764,0.32%,E
8,57,57,56.32,56.610001,293000,53.580109,9/29/2017,NFG,-0.008928577,-0.008928537,-0.17%,E
9,56.59,57.57,56.389999,57.380001,487700,54.308895,10/2/2017,NFG,0.013601801,0.013601837,0.24%,E
10,57.459999,57.5,56.700001,56.889999,522300,53.845119,10/3/2017,NFG,-0.008539596,-0.008539596,-0.09%,E
11,56.919998,57.209999,56.580002,56.950001,604900,53.901913,10/4/2017,NFG,0.001054766,0.001054702,-0.06%,E
12,56.98,57.900002,56.82,57.860001,318500,54.763203,10/5/2017,NFG,0.015978839,0.015978929,0.44%,E
13,57.57,57.66,56.970001,57.389999,461300,54.318359,10/6/2017,NFG,-0.008123046,-0.00812309,0.00%,E
14,57.529999,57.599998,56.830002,57.009998,245400,53.958694,10/9/2017,NFG,-0.006621426,-0.00662138,0.04%,E
15,57.279999,57.52,56.82,57.02,284500,53.968159,10/10/2017,NFG,0.000175412,0.000175443,0.02%,E
16,57.220001,57.419998,56.98,57.080002,321300,54.024956,10/11/2017,NFG,0.001052417,0.001052297,-0.27%,E
17,57.139999,57.82,56.93,57.439999,360300,54.365685,10/12/2017,NFG,0.006306882,0.006306885,0.02%,E
18,57.82,57.950001,57.209999,57.290001,338700,54.223705,10/13/2017,NFG,-0.002611574,-0.002611386,0.10%,E
19,57.16,57.330002,56.130001,56.48,469100,53.457062,10/16/2017,NFG,-0.014138521,-0.01413861,-0.19%,E
20,56.439999,57.970001,56.439999,57.66,391200,54.57391,10/17/2017,NFG,0.020892431,0.020892351,0.20%,E
21,57.490002,57.759998,57.349998,57.619999,199500,54.536045,10/18/2017,NFG,-0.00069383,-0.000693739,0.06%,E
22,57.580002,57.84,57.439999,57.75,173400,54.659088,10/19/2017,NFG,0.002256178,0.002256178,0.16%,E
23,57.669998,57.970001,57.470001,57.619999,261000,54.536045,10/20/2017,NFG,-0.002251099,-0.0022511,0.40%,E
24,57.650002,57.68,57.369999,57.490002,276800,54.413006,10/23/2017,NFG,-0.002256104,-0.002256109,-0.06%,E
25,57.529999,57.779999,57.330002,57.549999,286400,54.469795,10/24/2017,NFG,0.001043666,0.001043608,-0.02%,E
26,57.349998,57.349998,56.509998,57,351400,53.949238,10/25/2017,NFG,-0.009556801,-0.00955689,-0.26%,E
27,57.119999,57.459999,56.799999,57.220001,240600,54.157459,10/26/2017,NFG,0.003859573,0.003859667,-0.14%,E
28,57.299999,57.779999,57.09,57.34,403700,54.271034,10/27/2017,NFG,0.002097126,0.002097151,-0.05%,E
29,57.029999,57.57,57.009998,57.34,486800,54.271034,10/30/2017,NFG,0,0,-0.07%,E
30,57.419998,58.139999,57.419998,58.049999,713200,54.943035,10/31/2017,NFG,0.012382314,0.012382264,0.37%,E
31,58.240002,58.459999,57.77,57.849998,354000,54.753735,11/1/2017,NFG,-0.003445387,-0.003445323,0.22%,E
32,58.080002,58.150002,56.75,56.919998,334800,53.873512,11/2/2017,NFG,-0.016076036,-0.016076059,-0.15%,E
33,56.299999,57.459999,56.150002,57.209999,461100,54.147991,11/3/2017,NFG,0.005094879,0.005094888,-0.05%,E
34,57.349998,58.099998,57.049999,57.52,487400,54.441406,11/6/2017,NFG,0.005418761,0.005418651,-0.18%,E
35,57.419998,58.209999,57.380001,58,415700,54.89571,11/7/2017,NFG,0.008344825,0.008344924,0.05%,E
36,57.860001,58.119999,57.32,57.799999,332500,54.706421,11/8/2017,NFG,-0.003448157,-0.003448293,0.31%,E
37,57.759998,58,57.080002,57.299999,341100,54.233173,11/9/2017,NFG,-0.008650685,-0.008650519,0.03%,E
38,57.189999,57.860001,56.830002,56.959999,441500,53.911377,11/10/2017,NFG,-0.005933564,-0.005933682,-0.19%,E
39,56.91,57.52,56.77,57.259998,288800,54.195313,11/13/2017,NFG,0.005266718,0.005266836,-0.26%,E
40,57.209999,57.540001,56.650002,57.330002,386200,54.26157,11/14/2017,NFG,0.00122256,0.001222564,-0.16%,E
41,57.130001,57.509998,56.790001,57.330002,349300,54.26157,11/15/2017,NFG,0,0,0.01%,E
42,57.48,58.32,57,57.959999,295200,54.857853,11/16/2017,NFG,0.010989048,0.010988958,0.35%,E
43,57.779999,58.099998,57.470001,58.049999,319700,54.943035,11/17/2017,NFG,0.001552777,0.001552795,0.27%,E
44,57.75,58.130001,57.509998,57.57,303100,54.488724,11/20/2017,NFG,-0.008268764,-0.008268717,0.08%,E
45,58.080002,58.299999,57.220001,57.25,321600,54.185848,11/21/2017,NFG,-0.005558508,-0.005558451,-0.03%,E
46,57.400002,57.790001,56.68,57.560001,364900,54.479263,11/22/2017,NFG,0.005414975,0.005414865,-0.14%,E
47,57.82,57.830002,57.369999,57.470001,84200,54.394077,11/24/2017,NFG,-0.001563641,-0.001563586,-0.20%,E
48,57.580002,57.689999,57.189999,57.57,229300,54.488724,11/27/2017,NFG,0.001740024,0.001740021,0.00%,E
49,57.669998,58.029999,57.57,57.91,241800,54.810532,11/28/2017,NFG,0.005905956,0.005905854,0.23%,E
50,57.82,58.639999,57.73,58.619999,269900,55.482525,11/29/2017,NFG,0.01226029,0.012260387,0.37%,E
51,58.720001,59.200001,58.439999,58.799999,266300,55.652885,11/30/2017,NFG,0.003070516,0.003070624,0.46%,E
52,58.900002,59.060001,58.099998,58.830002,217600,55.681286,12/1/2017,NFG,0.000510324,0.000510255,0.43%,E
53,59.049999,59.900002,59.009998,59.16,240100,55.993622,12/4/2017,NFG,0.005609353,0.005609349,0.43%,E
54,59.169998,59.32,58.099998,58.240002,238700,55.122868,12/5/2017,NFG,-0.01555095,-0.015551014,-0.13%,E
55,58.139999,58.139999,57.450001,57.57,228400,54.488724,12/6/2017,NFG,-0.011504191,-0.011504155,-0.42%,E
56,57.73,58.34,57.470001,57.73,318100,54.64016,12/7/2017,NFG,0.002779217,0.002779225,-0.38%,E
57,57.700001,57.98,57.330002,57.959999,200300,54.857853,12/8/2017,NFG,0.003984121,0.003984046,-0.41%,E
58,58.009998,58.34,57.619999,58.290001,196100,55.170189,12/11/2017,NFG,0.005693551,0.005693616,0.02%,E
59,58.279999,58.389999,57.32,57.360001,249800,54.28997,12/12/2017,NFG,-0.015954613,-0.015954709,-0.07%,E
60,57.419998,57.419998,56.459999,56.68,397600,53.646362,12/13/2017,NFG,-0.011855007,-0.011854968,-0.36%,E
61,56.630001,57.209999,56.02,56.09,400200,53.087944,12/14/2017,NFG,-0.010409243,-0.010409315,-0.65%,D
62,56.18,56.540001,55.610001,55.650002,1147700,52.671494,12/15/2017,NFG,-0.007844531,-0.0078445,-0.93%,D
63,55.959999,56.560001,55.880001,56.16,339700,53.154194,12/18/2017,NFG,0.00916435,0.009164384,-0.43%,E
64,56.16,56.240002,54.889999,54.889999,436800,51.95216,12/19/2017,NFG,-0.022614095,-0.022613978,-0.64%,D
65,54.73,55.139999,54.139999,54.779999,497100,51.848053,12/20/2017,NFG,-0.002003901,-0.002004008,-0.47%,E
66,54.5,54.950001,54.41,54.709999,387400,51.781799,12/21/2017,NFG,-0.001277849,-0.001277839,-0.34%,E
67,54.880001,55.189999,54.490002,54.790001,226500,51.857521,12/22/2017,NFG,0.001462328,0.001462292,-0.50%,E
68,54.599998,55.27,54.599998,54.849998,241300,51.914303,12/26/2017,NFG,0.001094962,0.001095036,-0.01%,E
69,54.91,55.130001,54.700001,54.84,311600,51.904842,12/27/2017,NFG,-0.000182243,-0.000182279,0.02%,E
70,54.349998,54.970001,54.25,54.91,378900,52.367386,12/28/2017,NFG,0.008911384,0.001276441,0.23%,E
71,55,55.25,54.779999,54.91,354100,52.367386,12/29/2017,NFG,0,0,0.20%,E
72,57.349998,57.549999,56.299999,56.509998,682200,53.893291,1/2/2018,NFG,0.02913846,0.029138554,0.75%,U
73,56.650002,57.060001,56.209999,56.349998,435200,53.740704,1/3/2018,NFG,-0.00283128,-0.002831357,0.69%,U
74,56.59,56.889999,56.27,56.509998,637500,53.893291,1/4/2018,NFG,0.002839319,0.002839397,0.57%,U
75,56.75,56.75,55.900002,56.080002,362500,53.483208,1/5/2018,NFG,-0.007609166,-0.007609202,0.42%,E
76,56.189999,56.669998,55.790001,56.529999,294700,53.912369,1/8/2018,NFG,0.008024219,0.008024197,0.01%,E
77,56.580002,56.669998,56.009998,56.240002,402400,53.635799,1/9/2018,NFG,-0.005129992,-0.005129966,-0.04%,E
78,56.139999,56.209999,54.82,54.84,387100,52.300625,1/10/2018,NFG,-0.024893337,-0.024893349,-0.60%,D
79,54.91,56.029999,54.849998,55.93,493600,53.340153,1/11/2018,NFG,0.019876015,0.019876003,-0.05%,E
80,55.799999,56.32,55.66,56.139999,370600,53.540428,1/12/2018,NFG,0.003754676,0.003754675,-0.14%,E
81,56.169998,56.43,55.700001,55.75,321600,53.168484,1/16/2018,NFG,-0.006946975,-0.006946901,-0.18%,E
82,56.099998,56.41,55.689999,56.16,355100,53.559505,1/17/2018,NFG,0.007354376,0.00735426,0.47%,E
83,56.220001,56.709999,55.240002,55.369999,526500,52.80608,1/18/2018,NFG,-0.014067064,-0.014066969,-0.20%,E
84,55.400002,55.84,55.240002,55.52,331300,52.949139,1/19/2018,NFG,0.002709139,0.002709066,-0.22%,E
85,55.450001,55.990002,55.450001,55.810001,309200,53.225716,1/22/2018,NFG,0.005223447,0.005223361,0.02%,E
86,55.919998,56.759998,55.790001,56.450001,272700,53.836071,1/23/2018,NFG,0.011467295,0.011467479,0.10%,E
87,56.639999,56.790001,56.380001,56.419998,315500,53.807461,1/24/2018,NFG,-0.000531428,-0.000531497,0.38%,E
88,56.5,56.810001,56.189999,56.720001,298600,54.093571,1/25/2018,NFG,0.005317292,0.005317317,0.43%,E
89,56.799999,56.799999,56.029999,56.77,226200,54.141254,1/26/2018,NFG,0.000881491,0.000881506,0.34%,E
90,56.52,56.84,56.330002,56.389999,339900,53.778851,1/29/2018,NFG,-0.006693657,-0.006693694,-0.02%,E
91,56.349998,56.43,55.549999,55.919998,402000,53.330612,1/30/2018,NFG,-0.008334856,-0.008334829,-0.18%,E
92,56.220001,56.599998,55.52,55.75,750700,53.168484,1/31/2018,NFG,-0.003040055,-0.003040022,-0.34%,E
93,55.830002,56.119999,54.919998,54.919998,454200,52.376923,2/1/2018,NFG,-0.014887786,-0.014887928,-0.66%,D
94,56.290001,56.41,49.799999,49.939999,1443200,47.627522,2/2/2018,NFG,-0.090677358,-0.090677334,-2.36%,D
95,50.439999,51.130001,49.400002,49.599998,1094500,47.303265,2/5/2018,NFG,-0.006808185,-0.00680819,-2.37%,D
96,49,50,48.310001,49.790001,805200,47.484463,2/6/2018,NFG,0.00383056,0.003830706,-2.29%,D
97,49.689999,50.360001,49,49.790001,696700,47.484463,2/7/2018,NFG,0,0,-2.02%,D
98,49.759998,50.25,49.25,49.560001,998400,47.265118,2/8/2018,NFG,-0.0046193,-0.004619401,-0.15%,E
99,49.810001,50.560001,48.580002,49.919998,575600,47.608444,2/9/2018,NFG,0.007263835,0.007263862,0.13%,E
100,49.57,50.18,48.639999,49.709999,1652600,47.408169,2/12/2018,NFG,-0.004206712,-0.004206711,-0.03%,E
101,49.68,50.080002,49.040001,49.400002,865000,47.112526,2/13/2018,NFG,-0.006236119,-0.00623611,-0.16%,E
102,49.150002,49.830002,48.889999,49.549999,786800,47.255581,2/14/2018,NFG,0.003036454,0.003036376,0.00%,E
103,49.599998,49.939999,49.23,49.810001,478200,47.503544,2/15/2018,NFG,0.005247274,0.005247265,-0.04%,E
104,49.689999,50.369999,49.639999,50.049999,908300,47.732426,2/16/2018,NFG,0.004818209,0.004818269,0.14%,E
105,50.02,50.23,49.060001,49.639999,638000,47.341408,2/20/2018,NFG,-0.008191874,-0.008191808,0.10%,E
106,49.549999,50.240002,49.419998,49.43,483900,47.141136,2/21/2018,NFG,-0.004230377,-0.004230439,-0.05%,E
107,49.630001,50.419998,49.5,49.75,633500,47.446316,2/22/2018,NFG,0.006473752,0.006473801,-0.02%,E
108,50.029999,50.77,49.709999,50.700001,481300,48.352325,2/23/2018,NFG,0.019095455,0.019095497,0.26%,E
109,50.900002,51.310001,50.189999,50.93,507700,48.571678,2/26/2018,NFG,0.004536555,0.004536469,0.52%,U
110,51,51.41,50.470001,50.470001,486800,48.132977,2/27/2018,NFG,-0.009032033,-0.009031985,0.41%,E
111,50.5,50.68,49.41,49.43,683800,47.141136,2/28/2018,NFG,-0.020606268,-0.02060632,-0.13%,E
112,49.549999,50.299999,49.43,49.630001,463500,47.331875,3/1/2018,NFG,0.004046127,0.004046146,-0.43%,E
113,49.48,50.099998,49.02,50.040001,381100,47.722885,3/2/2018,NFG,0.008261029,0.008261132,-0.36%,E
114,49.93,50.560001,49.73,50.509998,503200,48.171124,3/5/2018,NFG,0.009392538,0.009392426,0.02%,E
115,50.48,50.77,49.970001,50.75,610800,48.400017,3/6/2018,NFG,0.004751664,0.004751574,0.53%,U
116,50.599998,50.75,49.860001,50.049999,575200,47.732426,3/7/2018,NFG,-0.013793198,-0.013793123,0.17%,E
117,50.150002,50.299999,48.43,49.099998,626400,46.826416,3/8/2018,NFG,-0.018981017,-0.018981039,-0.38%,E
118,49.330002,49.610001,48.939999,49.5,478200,47.20789,3/9/2018,NFG,0.008146556,0.008146681,-0.40%,E
119,49.5,49.970001,49.41,49.93,395700,47.617981,3/12/2018,NFG,0.008686917,0.008686869,-0.33%,E
120,49.959999,50.57,49.900002,50.360001,379800,48.028072,3/13/2018,NFG,0.008612104,0.008612077,0.12%,E
121,50.470001,50.880001,50.389999,50.720001,464200,48.371399,3/14/2018,NFG,0.007148465,0.00714853,0.65%,U
122,50.689999,50.84,49.689999,50.240002,532200,47.913631,3/15/2018,NFG,-0.009463609,-0.009463702,0.30%,E
123,50.290001,51.34,50.209999,51.130001,741900,48.762417,3/16/2018,NFG,0.017714917,0.017714948,0.48%,E
124,51.060001,51.290001,50.34,50.849998,422300,48.49538,3/19/2018,NFG,-0.005476287,-0.005476296,0.19%,E
125,50.84,51.080002,49.790001,50.02,361200,47.703819,3/20/2018,NFG,-0.0163224,-0.016322479,-0.28%,E
126,49.990002,51.220001,49.830002,50.689999,283500,48.342793,3/21/2018,NFG,0.013394609,0.013394622,0.18%,E
127,50.439999,51.389999,50.32,50.380001,379500,48.047142,3/22/2018,NFG,-0.00611572,-0.006115565,-0.30%,E
128,50.57,50.82,49.759998,49.810001,324700,47.503544,3/23/2018,NFG,-0.011313847,-0.011314013,-0.41%,E
129,50.139999,50.59,49.779999,50.52,438100,48.18066,3/26/2018,NFG,0.01425401,0.014254145,0.20%,E
130,50.59,51.48,50.220001,50.830002,453600,48.476311,3/27/2018,NFG,0.0061363,0.006136223,0.06%,E
131,50.529999,51.310001,50.16,51.240002,591400,49.269581,3/28/2018,NFG,0.016364075,0.008066102,0.51%,U
132,51.200001,52.049999,51.110001,51.450001,477600,49.471508,3/29/2018,NFG,0.004098411,0.004098341,0.81%,U
133,51.349998,51.650002,50.009998,50.209999,392500,48.27919,4/2/2018,NFG,-0.024101105,-0.024101107,0.04%,E
134,50.619999,51.040001,50.110001,50.849998,531500,48.894577,4/3/2018,NFG,0.012746423,0.012746445,0.17%,E
135,50.68,51.560001,50.279999,51.169998,375700,49.202271,4/4/2018,NFG,0.006293009,0.006293019,-0.03%,E
136,51.279999,51.939999,51.029999,51.830002,267100,49.836895,4/5/2018,NFG,0.012898266,0.012898261,0.15%,E
137,51.5,51.93,50.029999,50.279999,389100,48.346497,4/6/2018,NFG,-0.029905515,-0.029905517,0.03%,E
138,50.560001,51.16,50.169998,50.330002,435500,48.394581,4/9/2018,NFG,0.000994571,0.000994491,-0.20%,E
139,50.580002,51.169998,50.27,50.75,438100,48.798424,4/10/2018,NFG,0.008344798,0.008344883,-0.17%,E
140,50.73,51.450001,50.639999,51.360001,279500,49.384968,4/11/2018,NFG,0.012019732,0.012019724,-0.18%,E
141,51.369999,51.419998,50.720001,51.029999,298500,49.067657,4/12/2018,NFG,-0.006425255,-0.006425272,0.30%,E
142,51.240002,51.689999,50.939999,51.490002,311900,49.509972,4/13/2018,NFG,0.00901439,0.009014364,0.45%,E
143,51.509998,52.310001,51.5,52.23,280400,50.221512,4/16/2018,NFG,0.01437165,0.014371683,0.58%,U
144,52.07,52.32,51.880001,52.110001,377400,50.106125,4/17/2018,NFG,-0.002297561,-0.002297511,0.29%,E
145,52.290001,52.459999,51.77,51.82,403800,49.827274,4/18/2018,NFG,-0.005565208,-0.00556517,0.31%,E
146,51.830002,51.939999,51.23,51.599998,343900,49.615738,4/19/2018,NFG,-0.004245386,-0.004245504,0.04%,E
147,51.650002,51.880001,51.009998,51.16,279900,49.192657,4/20/2018,NFG,-0.008527153,-0.008527093,-0.41%,E
148,51.200001,51.970001,50.77,51.73,318100,49.740738,4/23/2018,NFG,0.011141521,0.011141517,-0.15%,E
149,52.040001,52.240002,51.470001,51.84,230000,49.846512,4/24/2018,NFG,0.002126506,0.002126426,0.01%,E
150,50.830002,51.279999,50.540001,50.939999,457500,48.981117,4/25/2018,NFG,-0.017361195,-0.01736113,-0.26%,E
151,50.91,51.889999,50.84,51.779999,296000,49.788818,4/26/2018,NFG,0.016490049,0.016489989,0.24%,E
152,51.75,52.16,51.619999,51.799999,349800,49.808048,4/27/2018,NFG,0.000386231,0.00038625,0.03%,E
153,51.880001,52.02,51.220001,51.349998,2013800,49.375351,4/30/2018,NFG,-0.008687291,-0.008687278,-0.19%,E
154,51.299999,51.57,50.880001,51.549999,361900,49.567661,5/1/2018,NFG,0.003894858,0.003894859,0.24%,E
155,51.619999,52.290001,51.240002,51.700001,446500,49.711899,5/2/2018,NFG,0.002909921,0.002909835,-0.03%,E
156,51.5,51.639999,50.830002,51.380001,618300,49.404202,5/3/2018,NFG,-0.006189605,-0.006189555,-0.16%,E
157,51.580002,53.080002,51.580002,52.580002,702200,50.558052,5/4/2018,NFG,0.023355301,0.02335541,0.48%,E
158,52.700001,52.970001,51.5,51.639999,463700,49.654198,5/7/2018,NFG,-0.017877548,-0.017877576,0.03%,E
159,51.389999,51.419998,50.41,51.07,536600,49.106117,5/8/2018,NFG,-0.011037959,-0.011037936,-0.24%,E
160,51.009998,51.52,50.369999,50.41,526400,48.471504,5/9/2018,NFG,-0.012923298,-0.012923438,-0.38%,E
161,50.419998,51.34,50.369999,51.150002,635100,49.183044,5/10/2018,NFG,0.014679553,0.014679667,-0.56%,D
162,51.18,51.490002,50.970001,51.299999,564400,49.327274,5/11/2018,NFG,0.002932515,0.002932493,-0.13%,E
163,51.330002,51.650002,51.080002,51.330002,432500,49.356121,5/14/2018,NFG,0.000584808,0.000584854,0.10%,E
164,51.150002,51.43,50.919998,51.32,321800,49.346504,5/15/2018,NFG,-0.000194849,-0.000194857,0.36%,E
165,51.389999,51.709999,51.279999,51.509998,251400,49.529198,5/16/2018,NFG,0.003702268,0.003702221,0.14%,E
166,51.52,51.84,51.299999,51.380001,261500,49.404202,5/17/2018,NFG,-0.002523683,-0.002523724,0.03%,E
167,51.450001,51.5,50.939999,51.02,372200,49.058044,5/18/2018,NFG,-0.007006651,-0.007006637,-0.12%,E
168,51.139999,51.27,50.869999,51.200001,236900,49.231121,5/21/2018,NFG,0.003528005,0.003528048,-0.05%,E
169,51.200001,51.779999,51.09,51.23,375100,49.259964,5/22/2018,NFG,0.000585869,0.000585918,-0.11%,E
170,51.220001,51.310001,50.990002,51.23,284100,49.259964,5/23/2018,NFG,0,0,-0.06%,E
171,51.150002,51.400002,50.889999,51.34,309200,49.365738,5/24/2018,NFG,0.002147261,0.002147179,0.12%,E
172,51.279999,51.650002,51.049999,51.119999,304600,49.154198,5/25/2018,NFG,-0.004285158,-0.004285177,-0.03%,E
173,51.009998,51.759998,50.900002,51.470001,410500,49.490738,5/29/2018,NFG,0.006846618,0.006846675,0.09%,E
174,51.650002,52.84,51.650002,52.560001,417900,50.538826,5/30/2018,NFG,0.021177457,0.021177384,0.52%,U
175,52.810001,53.200001,52.27,52.639999,853700,50.615746,5/31/2018,NFG,0.001521998,0.001522032,0.50%,U
176,52.740002,52.799999,52.189999,52.57,360400,50.548439,6/1/2018,NFG,-0.001329764,-0.001329768,0.56%,U
177,52.68,53.119999,52.43,52.630001,408800,50.606129,6/4/2018,NFG,0.001141282,0.001141354,0.44%,E
178,52.540001,52.849998,52.259998,52.459999,307600,50.442669,6/5/2018,NFG,-0.003230044,-0.003230135,-0.04%,E
179,52.470001,52.610001,51.549999,51.619999,368200,49.634968,6/6/2018,NFG,-0.016012257,-0.0160122,-0.39%,E
180,51.73,52.310001,51.73,52.150002,247800,50.144592,6/7/2018,NFG,0.010267439,0.010267397,-0.16%,E
181,52.23,52.240002,51.720001,52.07,244300,50.067665,6/8/2018,NFG,-0.001534104,-0.001534075,-0.21%,E
182,52.139999,52.23,51.689999,52.040001,382100,50.038818,6/11/2018,NFG,-0.00057616,-0.000576128,-0.16%,E
183,52.099998,52.790001,51.990002,52.549999,326800,50.529213,6/12/2018,NFG,0.009800291,0.009800115,0.36%,E
184,52.630001,52.919998,52.349998,52.48,323300,50.461895,6/13/2018,NFG,-0.001332259,-0.001332046,0.13%,E
185,52.650002,53.299999,52.610001,52.880001,496000,50.846516,6/14/2018,NFG,0.007622009,0.00762197,0.31%,E
186,52.77,53,52.189999,52.669998,1023200,50.644592,6/15/2018,NFG,-0.003971246,-0.003971312,0.24%,E
187,52.650002,53.16,52.610001,52.810001,291000,50.779209,6/18/2018,NFG,0.002658073,0.002658117,0.10%,E
188,52.73,53.02,52.700001,52.810001,344700,50.779209,6/19/2018,NFG,0,0,0.13%,E
189,52.970001,53.48,52.630001,53.43,454600,51.375366,6/20/2018,NFG,0.011740179,0.011740182,0.21%,E
190,53.389999,53.75,52.439999,52.59,426300,50.567669,6/21/2018,NFG,-0.015721484,-0.015721505,-0.03%,E
191,52.689999,53.189999,52.52,52.709999,867700,50.683052,6/22/2018,NFG,0.002281754,0.002281784,-0.04%,E
192,52.650002,52.900002,52.279999,52.549999,294500,50.529213,6/25/2018,NFG,-0.003035314,-0.003035477,-0.10%,E
193,52.709999,53.560001,52.400002,52.939999,436700,50.904205,6/26/2018,NFG,0.007421291,0.007421503,-0.19%,E
194,53.049999,53.66,53.049999,53.34,389800,51.288834,6/27/2018,NFG,0.007555938,0.007555742,0.28%,E
195,52.959999,53.32,52.830002,52.84,305900,51.216137,6/28/2018,NFG,-0.001417404,-0.009373828,0.21%,E
196,52.82,53.419998,52.82,52.959999,288000,51.332447,6/29/2018,NFG,0.002270964,0.002270988,0.31%,E
197,52.790001,53.240002,52.689999,53.07,241100,51.439064,7/2/2018,NFG,0.00207699,0.002077058,0.21%,E
198,53.389999,53.91,53.25,53.529999,161500,51.88493,7/3/2018,NFG,0.008667848,0.008667778,0.23%,E
199,53.66,54.060001,53.490002,53.990002,273800,52.330795,7/5/2018,NFG,0.008593343,0.008593368,0.43%,E
200,54.09,55.110001,54.09,54.959999,374600,53.270985,7/6/2018,NFG,0.017966285,0.017966234,0.74%,U
201,55.139999,55.349998,54.5,54.59,478500,52.91235,7/9/2018,NFG,-0.006732276,-0.006732151,0.56%,U
202,54.639999,55.900002,54.59,55.509998,456400,53.804077,7/10/2018,NFG,0.016852909,0.016852867,0.73%,U
203,55.299999,55.639999,54.849998,54.900002,397200,53.212826,7/11/2018,NFG,-0.010988963,-0.010988939,0.33%,E
204,55.09,55.09,53.990002,54.639999,401700,52.960815,7/12/2018,NFG,-0.004735907,-0.004735938,-0.12%,E
205,54.720001,54.860001,54.43,54.57,313400,52.892967,7/13/2018,NFG,-0.001281098,-0.001281094,-0.01%,E
206,54.59,54.790001,54.25,54.66,307200,52.980198,7/16/2018,NFG,0.001649198,0.001649258,-0.31%,E
207,54.59,55.040001,54.470001,54.689999,236000,53.009277,7/17/2018,NFG,0.000548865,0.000548829,-0.08%,E
208,54.490002,54.619999,54,54.41,454700,52.737885,7/18/2018,NFG,-0.005119708,-0.005119748,-0.08%,E
209,54.25,55.16,54.130001,54.740002,705900,53.057747,7/19/2018,NFG,0.006065128,0.006065098,0.06%,E
210,54.790001,54.790001,53.950001,54.220001,445300,52.553726,7/20/2018,NFG,-0.00949948,-0.00949947,-0.16%,E
211,54.080002,54.189999,53.439999,53.68,393200,52.030319,7/23/2018,NFG,-0.009959465,-0.009959443,-0.37%,E
212,53.849998,54.119999,53.43,53.990002,236700,52.330795,7/24/2018,NFG,0.005775017,0.005775,-0.15%,E
213,54.009998,54.150002,53.560001,53.93,290700,52.27264,7/25/2018,NFG,-0.001111296,-0.001111354,-0.30%,E
214,54.02,54.720001,53.82,54.02,349400,52.359875,7/26/2018,NFG,0.001668846,0.00166883,-0.07%,E
215,53.889999,54.220001,52.91,53.02,377400,51.390602,7/27/2018,NFG,-0.018511752,-0.018511662,-0.25%,E
216,53.02,53.650002,52.900002,53.16,330500,51.526295,7/30/2018,NFG,0.002640424,0.002640513,-0.31%,E
217,53.389999,53.889999,53.049999,53.700001,908600,52.049706,7/31/2018,NFG,0.010158134,0.010158032,-0.09%,E
218,53.779999,53.779999,52.740002,52.830002,539800,51.206444,8/1/2018,NFG,-0.016201091,-0.016201098,-0.45%,E
219,52.630001,53.639999,52.049999,53.139999,560600,51.506916,8/2/2018,NFG,0.005867855,0.005867821,0.05%,E
220,53.889999,55.34,53,53.110001,819800,51.47784,8/3/2018,NFG,-0.000564507,-0.000564509,-0.02%,E
221,53.349998,54.200001,53.240002,53.950001,298500,52.292023,8/6/2018,NFG,0.015816184,0.01581623,0.09%,E
222,54.200001,55.779999,54.139999,55.41,450200,53.70715,8/7/2018,NFG,0.027062005,0.027062075,0.96%,U
223,55.34,55.360001,54.77,55.299999,319200,53.600533,8/8/2018,NFG,-0.001985155,-0.001985219,0.80%,U
224,55.110001,55.639999,54.939999,55.27,435600,53.571457,8/9/2018,NFG,-0.000542457,-0.000542477,0.79%,U
225,55.200001,55.84,55.16,55.209999,299200,53.513302,8/10/2018,NFG,-0.001085559,-0.001085598,0.46%,E
226,55.220001,55.439999,54.610001,55,244500,53.309753,8/13/2018,NFG,-0.003803708,-0.003803641,-0.15%,E
227,55.16,56,55.110001,55.59,337800,53.881618,8/14/2018,NFG,0.010727212,0.010727273,0.10%,E
228,55.669998,55.740002,55.150002,55.490002,366600,53.784698,8/15/2018,NFG,-0.001798758,-0.001798849,0.08%,E
229,55.52,56.790001,55.349998,56.57,609600,54.831505,8/16/2018,NFG,0.019462915,0.01946293,0.49%,E
230,56.419998,57.400002,56.32,56.689999,770600,54.947811,8/17/2018,NFG,0.002121153,0.002121248,0.60%,U
231,56.91,57.330002,56.720001,56.889999,392300,55.14167,8/20/2018,NFG,0.003528057,0.003527959,0.46%,E
232,57.080002,57.470001,56.959999,57.049999,257700,55.296749,8/21/2018,NFG,0.002812374,0.002812445,0.55%,U
233,57.23,57.259998,56.880001,57.09,266700,55.335522,8/22/2018,NFG,0.00070118,0.000701157,0.18%,E
234,57.09,57.330002,56.360001,56.48,269100,54.744267,8/23/2018,NFG,-0.010684909,-0.010684884,-0.07%,E
235,56.619999,57.09,56.259998,56.389999,324900,54.657036,8/24/2018,NFG,-0.001593427,-0.001593502,-0.18%,E
236,56.5,56.5,55.869999,55.98,272500,54.259636,8/27/2018,NFG,-0.007270793,-0.007270775,-0.38%,E
237,56.080002,56.209999,55.630001,55.84,255500,54.12394,8/28/2018,NFG,-0.002500865,-0.002500893,-0.44%,E
238,56.220001,56.279999,55.790001,55.919998,396800,54.201477,8/29/2018,NFG,0.001432582,0.001432629,-0.20%,E
239,55.900002,56.220001,55.310001,55.630001,314200,53.920395,8/30/2018,NFG,-0.005185873,-0.005185927,-0.27%,E
240,55.509998,55.700001,55.27,55.529999,650400,53.823463,8/31/2018,NFG,-0.001797687,-0.001797627,-0.16%,E
241,55.630001,56.049999,54.98,55.200001,383000,53.503605,9/4/2018,NFG,-0.005942724,-0.005942698,-0.23%,E
242,55.200001,55.830002,54.849998,55.759998,624500,54.046398,9/5/2018,NFG,0.01014498,0.010144873,-0.06%,E
243,55.849998,55.849998,55.349998,55.459999,423600,53.755615,9/6/2018,NFG,-0.005380248,-0.005380183,-0.06%,E
244,55.209999,55.209999,54.759998,55.029999,495500,53.338829,9/7/2018,NFG,-0.007753348,-0.007753336,-0.18%,E
245,55.169998,55.23,54.810001,55.029999,584500,53.338829,9/10/2018,NFG,0,0,-0.06%,E
246,55,56.16,54.82,55.799999,474800,54.085167,9/11/2018,NFG,0.013992396,0.013992368,0.01%,E
247,55.950001,56.380001,55.709999,56.16,369400,54.434109,9/12/2018,NFG,0.006451713,0.006451631,0.25%,E
248,56.18,56.490002,55.82,56.459999,221900,54.724884,9/13/2018,NFG,0.005341779,0.005341863,0.51%,U
249,56.369999,56.959999,56.259998,56.77,500600,55.025356,9/14/2018,NFG,0.005490592,0.005490631,0.62%,U
250,56.82,57.189999,56.43,56.689999,475900,54.947811,9/17/2018,NFG,-0.001409259,-0.001409213,0.32%,E
251,56.459999,56.880001,56.299999,56.549999,301900,54.812119,9/18/2018,NFG,-0.002469471,-0.002469571,0.14%,E
252,56.580002,56.77,55.880001,56.080002,370800,54.356564,9/19/2018,NFG,-0.008311209,-0.008311176,-0.13%,E
253,56.189999,56.470001,56.02,56.419998,464600,54.686111,9/20/2018,NFG,0.00606269,0.006062696,-0.12%,E
254,56.369999,56.650002,56.099998,56.240002,1109600,54.511646,9/21/2018,NFG,-0.003190298,-0.003190287,-0.16%,E
255,56.299999,56.509998,55.68,56.130001,411600,54.405025,9/24/2018,NFG,-0.001955931,-0.001955921,-0.15%,E
256,56.330002,56.380001,55.560001,55.650002,509600,53.939777,9/25/2018,NFG,-0.008551563,-0.008551559,-0.15%,E
257,55.830002,55.830002,54.790001,54.82,352200,53.135284,9/26/2018,NFG,-0.014914652,-0.014914681,-0.57%,D
258,54.950001,55.549999,54.630001,55.470001,478100,54.18539,9/27/2018,NFG,0.019762875,0.011857005,-0.12%,E
259,55.400002,56.32,55.400002,56.060001,590400,54.761726,9/28/2018,NFG,0.010636373,0.01063638,0.13%,E
260,56.169998,56.43,55.889999,56.09,366700,54.791031,10/1/2018,NFG,0.000535137,0.000535123,0.31%,E
261,56.139999,56.759998,55.669998,56.48,558500,55.171997,10/2/2018,NFG,0.006953072,0.006953111,0.75%,U
262,56.52,56.93,56.310001,56.75,435200,55.435749,10/3/2018,NFG,0.004780541,0.004780453,0.46%,E
263,56.509998,56.919998,56.23,56.77,520500,55.45528,10/4/2018,NFG,0.000352318,0.000352423,0.25%,E
264,56.740002,57.48,56.740002,57.169998,368100,55.84602,10/5/2018,NFG,0.007046038,0.00704594,0.38%,E
265,57.110001,58.18,57.029999,58.009998,357900,56.666569,10/8/2018,NFG,0.014693061,0.014693021,0.54%,U
266,57.98,58.91,57.740002,58.5,369900,57.145218,10/9/2018,NFG,0.008446762,0.008446854,0.61%,U
267,58.599998,59.150002,58.299999,58.330002,636400,56.979156,10/10/2018,NFG,-0.002905965,-0.002905949,0.54%,U
268,58.110001,58.330002,56.959999,56.970001,797200,55.65065,10/11/2018,NFG,-0.023315649,-0.023315634,-0.07%,E
269,57.279999,57.279999,55.630001,55.990002,538400,54.693344,10/12/2018,NFG,-0.017202063,-0.017202018,-0.70%,D
270,55.52,57.450001,55.360001,56.77,579600,55.45528,10/15/2018,NFG,0.013931055,0.013931023,-0.60%,D
271,57.240002,57.91,56.669998,57.689999,379500,56.353977,10/16/2018,NFG,0.016205797,0.016205725,-0.22%,E
272,57.650002,57.73,56.91,57.459999,316600,56.129299,10/17/2018,NFG,-0.003986906,-0.003986826,0.17%,E
273,57.349998,57.91,57,57.349998,359000,56.021851,10/18/2018,NFG,-0.001914294,-0.001914393,0.48%,E
274,57.369999,58.549999,57.16,58.240002,415400,56.891239,10/19/2018,NFG,0.01551873,0.015518815,0.51%,U
275,58.02,58.599998,57.040001,57.099998,643000,55.777641,10/22/2018,NFG,-0.019574156,-0.019574244,-0.20%,E
276,56.790001,57.16,55.860001,56.900002,682400,55.582272,10/23/2018,NFG,-0.00350264,-0.003502557,-0.20%,E
277,57.049999,57.650002,56.400002,56.43,525700,55.123158,10/24/2018,NFG,-0.00826008,-0.00826014,-0.32%,E
278,56.509998,56.509998,55.009998,55.509998,606300,54.224461,10/25/2018,NFG,-0.016303438,-0.01630342,-0.96%,D
279,55.209999,55.540001,54.259998,55.16,798600,53.882568,10/26/2018,NFG,-0.006305143,-0.006305134,-0.69%,D
280,55.139999,55.66,54.150002,54.5,690700,53.237854,10/29/2018,NFG,-0.011965168,-0.011965192,-0.86%,D
281,54.619999,55.509998,54.48,55.07,490300,53.794655,10/30/2018,NFG,0.010458742,0.010458716,-0.49%,E
282,54.959999,55.060001,54.02,54.290001,1029900,53.032719,10/31/2018,NFG,-0.014163786,-0.014163773,-0.44%,E
283,54.450001,55.139999,54.169998,55,637800,53.726276,11/1/2018,NFG,0.013077908,0.013077896,-0.06%,E
284,54.240002,54.619999,50.759998,51.18,2007600,49.994743,11/2/2018,NFG,-0.069454525,-0.069454545,-1.23%,D
285,51.029999,54.110001,51,53.68,1598400,52.436844,11/5/2018,NFG,0.048847156,0.048847206,-0.52%,D
286,53.650002,53.959999,52.529999,53.93,1033900,52.681057,11/6/2018,NFG,0.004657279,0.004657228,-0.13%,E
287,54.189999,54.57,53.099998,54.419998,667000,53.159706,11/7/2018,NFG,0.00908579,0.009085815,-0.22%,E
288,54.330002,54.549999,53.349998,53.57,597300,52.329388,11/8/2018,NFG,-0.015619311,-0.015619221,0.90%,U
289,53.259998,54.700001,53.150002,54.150002,518000,52.895962,11/9/2018,NFG,0.010827071,0.010826993,0.17%,E
290,54.240002,54.82,53.91,53.98,554700,52.729897,11/12/2018,NFG,-0.003139465,-0.003139464,0.02%,E
291,54.029999,54.82,54.029999,54.18,848100,52.925266,11/13/2018,NFG,0.00370509,0.003705076,-0.09%,E
292,54.369999,54.43,52.02,52.09,764800,50.883671,11/14/2018,NFG,-0.038575054,-0.03857512,-0.55%,D
293,51.970001,52.619999,51.240002,52.279999,820100,51.069267,11/15/2018,NFG,0.003647457,0.003647514,-0.70%,D
294,52.57,53.16,52.119999,53.080002,693000,51.850739,11/16/2018,NFG,0.015302197,0.015302276,-0.34%,E
295,52.939999,54.23,52.849998,53.77,824800,52.524761,11/19/2018,NFG,0.012999275,0.012999208,-0.15%,E
296,53.639999,53.959999,52.669998,53.189999,601700,51.958187,11/20/2018,NFG,-0.010786798,-0.010786703,0.42%,E
297,53.16,54.259998,52.84,53.93,688100,52.681057,11/21/2018,NFG,0.013912533,0.013912409,0.62%,U
298,53.720001,54.240002,53.369999,53.98,199500,52.729897,11/23/2018,NFG,0.000927088,0.000927128,0.34%,E
299,54.09,54.59,53.91,54.52,394200,53.257389,11/26/2018,NFG,0.010003661,0.010003705,0.28%,E
300,54.400002,54.599998,53.82,54.150002,349300,52.895962,11/27/2018,NFG,-0.00678642,-0.006786464,0.36%,E
301,54.18,54.48,53.580002,54,393400,52.749432,11/28/2018,NFG,-0.002770155,-0.00277012,0.03%,E
302,53.900002,54.02,53.240002,53.380001,427700,52.143791,11/29/2018,NFG,-0.01148147,-0.011481463,-0.22%,E
303,53.240002,53.98,53.240002,53.849998,585200,52.602901,11/30/2018,NFG,0.008804692,0.008804739,-0.25%,E
304,54.25,54.950001,53.75,54.880001,414400,53.609055,12/3/2018,NFG,0.019127348,0.019127262,0.27%,E
305,55,55.18,53.889999,53.970001,422900,52.720127,12/4/2018,NFG,-0.016581676,-0.016581632,-0.01%,E
306,53.900002,54.799999,53.349998,54.700001,877700,53.433224,12/6/2018,NFG,0.013526087,0.013526033,0.49%,E
307,54.860001,55.16,54.450001,54.880001,575300,53.609055,12/7/2018,NFG,0.003290668,0.003290676,0.38%,E
308,54.75,55.490002,54.07,55.369999,517700,54.087704,12/10/2018,NFG,0.00892851,0.008928535,0.18%,E
309,55.5,55.689999,55.049999,55.389999,442300,54.107246,12/11/2018,NFG,0.000361302,0.000361206,0.52%,U
310,55.84,56.130001,55.369999,55.639999,379600,54.351452,12/12/2018,NFG,0.00451337,0.00451345,0.34%,E
311,55.66,56.279999,55.610001,55.98,456500,54.683578,12/13/2018,NFG,0.006110711,0.00611073,0.40%,E
312,55.75,56.240002,55.610001,55.869999,532800,54.576126,12/14/2018,NFG,-0.001964977,-0.001965005,0.18%,E
313,55.889999,56.27,54.48,54.610001,858000,53.34531,12/17/2018,NFG,-0.022552279,-0.022552318,-0.28%,E
314,54.66,55.07,53.790001,54.099998,734800,52.847115,12/18/2018,NFG,-0.009339059,-0.009339004,-0.56%,D
315,54.349998,55.240002,53.82,54.119999,506800,52.866653,12/19/2018,NFG,0.000369708,0.000369704,-0.68%,D
316,53.860001,54.599998,53.07,53.68,652700,52.436844,12/20/2018,NFG,-0.008130059,-0.008130063,-0.80%,D
317,53.580002,54.34,52.759998,53.18,2031200,51.948425,12/21/2018,NFG,-0.009314424,-0.009314456,-0.53%,D
318,53.02,53.220001,50.580002,50.630001,342800,49.457478,12/24/2018,NFG,-0.047950385,-0.047950338,-1.31%,D
319,50.720001,51.549999,49.599998,51.509998,489900,50.317093,12/26/2018,NFG,0.01738089,0.01738094,-0.99%,D
320,51.34,51.900002,50.43,51.889999,614600,50.688297,12/27/2018,NFG,0.007377294,0.007377228,-0.69%,D
321,51.599998,51.860001,50.509998,50.919998,514000,50.15152,12/28/2018,NFG,-0.010589762,-0.018693409,-0.71%,D
322,50.959999,51.259998,50.560001,51.18,569300,50.4076,12/31/2018,NFG,0.005106126,0.005106088,0.38%,E
323,50.889999,51.369999,49.75,50.869999,852000,50.102276,1/2/2019,NFG,-0.006057103,-0.006057073,-0.09%,E
324,51.02,51.98,51.02,51.419998,346200,50.643974,1/3/2019,NFG,0.010811844,0.010811854,-0.02%,E
325,51.549999,53,51.549999,52.66,630400,51.865261,1/4/2019,NFG,0.024115149,0.02411517,0.68%,U
326,52.610001,53.130001,52.200001,52.490002,466900,51.69783,1/7/2019,NFG,-0.003228192,-0.003228219,0.51%,U
327,52.689999,53.529999,52.68,53.419998,476900,52.613792,1/8/2019,NFG,0.01771761,0.017717584,0.98%,U
328,53.529999,53.740002,53.110001,53.540001,331300,52.731983,1/9/2019,NFG,0.002246388,0.002246406,0.80%,U
329,53.48,54.32,53.18,54.27,385600,53.450962,1/10/2019,NFG,0.013634591,0.013634647,0.60%,U
330,54.439999,54.459999,54.060001,54.43,306500,53.608551,1/11/2019,NFG,0.002948291,0.002948222,0.72%,U
331,53.790001,54.16,53.48,53.880001,354100,53.066853,1/14/2019,NFG,-0.010104694,-0.010104703,0.17%,E
332,53.82,54.73,53.810001,54.580002,414200,53.75629,1/15/2019,NFG,0.012991858,0.012991852,0.38%,E
333,54.68,55.299999,54.439999,55.18,294300,54.347233,1/16/2019,NFG,0.010993002,0.010993001,0.33%,E
334,54.889999,55.700001,54.799999,55.529999,366400,54.691948,1/17/2019,NFG,0.006342825,0.00634286,0.40%,E
335,55.470001,56.189999,55.470001,56.040001,266300,55.194252,1/18/2019,NFG,0.00918424,0.009184261,0.78%,U
336,56.080002,56.240002,55.48,55.98,3.00E+05,55.135159,1/22/2019,NFG,-0.001070637,-0.001070682,0.50%,U
337,55.900002,56.310001,55.869999,56.09,335200,55.2435,1/23/2019,NFG,0.001965007,0.001964987,0.33%,E
338,56.310001,56.669998,55.869999,56.669998,296200,55.814743,1/24/2019,NFG,0.010340456,0.010340489,0.41%,E
339,56.610001,57.080002,56.509998,56.919998,364000,56.06097,1/25/2019,NFG,0.004411505,0.004411505,0.31%,E
340,56.939999,56.939999,56.150002,56.580002,446000,55.726105,1/28/2019,NFG,-0.005973229,-0.005973226,0.21%,E
341,56.77,57,56.450001,56.779999,322300,55.923084,1/29/2019,NFG,0.003534771,0.003534765,0.24%,E
342,57.060001,57.43,56.57,57.220001,355600,56.356445,1/30/2019,NFG,0.007749233,0.007749243,0.19%,E
343,57.490002,57.52,56.91,57.299999,891300,56.435234,1/31/2019,NFG,0.001398048,0.001398078,0.13%,E
344,57.299999,59.09,56.950001,58.66,1027100,57.774712,2/1/2019,NFG,0.023734782,0.023734747,0.73%,U
345,58.290001,58.619999,57.59,58.27,569100,57.390594,2/4/2019,NFG,-0.006648549,-0.006648483,0.52%,U
346,58.27,58.650002,57.810001,58.560001,501400,57.67622,2/5/2019,NFG,0.004976878,0.004976849,0.46%,E
347,58.310001,58.560001,57.689999,58.259998,414500,57.380749,2/6/2019,NFG,-0.005122926,-0.005123002,0.33%,E
348,58.169998,58.549999,57.900002,58.290001,603500,57.410297,2/7/2019,NFG,0.000514946,0.000514985,-0.13%,E
349,58.27,58.360001,57.720001,58.209999,423100,57.331501,2/8/2019,NFG,-0.001372506,-0.001372482,-0.02%,E
350,58.009998,58.25,57.740002,58.18,303400,57.301956,2/11/2019,NFG,-0.000515336,-0.000515358,-0.13%,E
351,58.25,58.580002,58.139999,58.419998,356200,57.53833,2/12/2019,NFG,0.00412506,0.004125095,0.05%,E
352,58.259998,58.529999,57.799999,58.16,445700,57.282257,2/13/2019,NFG,-0.004450477,-0.004450497,-0.04%,E
353,58.240002,58.830002,58.169998,58.349998,352700,57.469387,2/14/2019,NFG,0.003266806,0.003266816,0.05%,E
354,58.459999,58.959999,58.459999,58.630001,443100,57.745163,2/15/2019,NFG,0.004798659,0.004798681,0.15%,E
355,58.66,58.939999,58.549999,58.73,314600,57.843655,2/19/2019,NFG,0.001705632,0.001705594,0.11%,E
356,58.700001,59.220001,58.459999,59.060001,280300,58.168674,2/20/2019,NFG,0.005618922,0.005618951,0.31%,E
357,59.07,59.799999,58.619999,59.75,341300,58.848259,2/21/2019,NFG,0.011683007,0.011683017,0.48%,E
358,59.889999,60.630001,59.66,60.48,358500,59.567242,2/22/2019,NFG,0.012217575,0.012217573,0.62%,U
359,60.389999,60.66,60.049999,60.580002,563400,59.665737,2/25/2019,NFG,0.001653509,0.001653472,0.62%,U
360,60.5,60.73,59.900002,59.939999,397600,59.035393,2/26/2019,NFG,-0.010564589,-0.010564592,0.29%,E
361,59.880001,60.25,59.59,60.220001,333900,59.311169,2/27/2019,NFG,0.004671367,0.004671371,0.16%,E
362,59.98,60.32,59.369999,60.189999,477100,59.28162,2/28/2019,NFG,-0.000498203,-0.000498207,-0.10%,E
363,60.16,60.369999,59.759998,59.950001,558100,59.045242,3/1/2019,NFG,-0.003987374,-0.00398734,-0.21%,E
364,60.130001,60.889999,59.75,60.880001,569400,59.961208,3/4/2019,NFG,0.015512952,0.015512927,0.31%,E
365,60.73,60.82,59.919998,60.02,669500,59.114185,3/5/2019,NFG,-0.014126183,-0.014126166,-0.07%,E
366,59.860001,60.099998,59.790001,59.82,362600,58.917202,3/6/2019,NFG,-0.003332246,-0.003332223,-0.12%,E
367,60,60.650002,59.93,60.029999,325600,59.124035,3/7/2019,NFG,0.003510571,0.003510515,0.03%,E
368,59.98,60.009998,59.580002,59.900002,395300,58.995998,3/8/2019,NFG,-0.002165566,-0.002165534,-0.33%,E
369,59.779999,60.07,59.610001,59.84,559700,58.936905,3/11/2019,NFG,-0.001001644,-0.001001703,-0.06%,E
370,59.84,60.57,59.669998,60.529999,493800,59.616489,3/12/2019,NFG,0.011530704,0.011530732,0.24%,E
371,60.59,60.849998,60.099998,60.349998,656300,59.439205,3/13/2019,NFG,-0.002973741,-0.002973749,0.11%,E
372,60.310001,60.860001,60.169998,60.419998,478000,59.508148,3/14/2019,NFG,0.001159891,0.001159901,0.17%,E
373,60.57,61.189999,60.32,60.41,1267900,59.498299,3/15/2019,NFG,-0.000165507,-0.000165475,0.19%,E
374,60.34,60.900002,60.25,60.889999,515200,59.971058,3/18/2019,NFG,0.007945757,0.007945688,0.12%,E
375,60.880001,61.169998,60,60.220001,380200,59.311169,3/19/2019,NFG,-0.011003458,-0.011003416,-0.04%,E
376,60.139999,60.939999,59.970001,60.23,371000,59.321018,3/20/2019,NFG,0.000166056,0.000166041,-0.06%,E
377,59.66,61.029999,59.610001,60.919998,410500,60.000603,3/21/2019,NFG,0.011456058,0.011456052,0.17%,E
378,60.860001,61.150002,60.43,60.439999,395600,59.527847,3/22/2019,NFG,-0.007879187,-0.00787917,-0.15%,E
379,60.52,60.860001,60.150002,60.75,314000,59.833172,3/25/2019,NFG,0.005129112,0.00512907,0.18%,E
380,60.919998,61.709999,60.900002,61.259998,314900,60.335468,3/26/2019,NFG,0.008394942,0.008395029,0.34%,E
381,61.259998,61.369999,60.830002,60.93,396800,60.010456,3/27/2019,NFG,-0.005386749,-0.005386843,0.00%,E
382,60.630001,60.810001,60.110001,60.639999,240700,60.144348,3/28/2019,NFG,0.002231145,-0.004759577,0.21%,E
383,60.610001,61.040001,60.27,60.959999,402700,60.461735,3/29/2019,NFG,0.005277088,0.005277045,0.21%,E
384,61.040001,61.139999,60.59,60.669998,435100,60.174103,4/1/2019,NFG,-0.004757257,-0.004757234,-0.05%,E
385,60.700001,60.700001,60.09,60.5,734700,60.005493,4/2/2019,NFG,-0.002802036,-0.002802011,0.00%,E
386,60.509998,60.919998,60.189999,60.759998,679600,60.263367,4/3/2019,NFG,0.004297507,0.004297488,0.04%,E
387,61.07,61.220001,60.299999,60.650002,882800,60.15427,4/4/2019,NFG,-0.001810337,-0.001810336,-0.10%,E
388,60.599998,60.889999,60.189999,60.799999,845900,60.303043,4/5/2019,NFG,0.002473191,0.002473157,0.04%,E
389,60.82,61.099998,60.380001,60.639999,497900,60.144348,4/8/2019,NFG,-0.002631625,-0.002631579,0.05%,E
390,60.630001,60.75,60.330002,60.389999,282900,59.896393,4/9/2019,NFG,-0.004122665,-0.004122691,-0.12%,E
391,60.580002,61.009998,60.299999,60.380001,378900,59.886475,4/10/2019,NFG,-0.000165586,-0.000165557,-0.09%,E
392,60.330002,60.59,59.880001,60.32,408000,59.826965,4/11/2019,NFG,-0.000993714,-0.000993723,-0.16%,E
393,60.43,60.639999,60.200001,60.400002,359200,59.906315,4/12/2019,NFG,0.001326325,0.001326293,-0.08%,E
394,60.66,61.27,60.400002,60.939999,563800,60.441898,4/15/2019,NFG,0.008940343,0.008940347,0.18%,E
395,61.099998,61.220001,60.869999,61.009998,525300,60.511326,4/16/2019,NFG,0.001148673,0.001148654,0.21%,E
396,61.07,61.189999,59.380001,59.529999,480000,59.043423,4/17/2019,NFG,-0.024258318,-0.024258303,-0.26%,E
397,59.73,59.73,58.849998,58.959999,704800,58.478081,4/18/2019,NFG,-0.009575021,-0.009575004,-0.48%,E
398,59.049999,59.66,58.889999,59.580002,415100,59.093018,4/22/2019,NFG,0.010515684,0.010515655,-0.45%,E
399,59.650002,60.580002,59.470001,60.34,425300,59.846802,4/23/2019,NFG,0.012755889,0.012755924,-0.22%,E
400,60.509998,60.630001,59.939999,60.139999,399000,59.648438,4/24/2019,NFG,-0.00331453,-0.003314567,0.20%,E
401,59.98,60.310001,59.009998,59.029999,689300,58.547508,4/25/2019,NFG,-0.01845698,-0.018456934,0.02%,E
402,59.09,59.369999,58.779999,59.169998,696500,58.686363,4/26/2019,NFG,0.002371664,0.002371659,-0.14%,E
403,58.990002,59.220001,58.400002,58.540001,330300,58.061516,4/29/2019,NFG,-0.010647227,-0.010647237,-0.61%,D
404,58.73,59.240002,58.41,59.209999,754600,58.726036,4/30/2019,NFG,0.011445102,0.011445131,-0.31%,E
405,59.299999,59.299999,58.490002,58.880001,472000,58.398735,5/1/2019,NFG,-0.005573354,-0.005573349,-0.05%,E
406,58.639999,58.799999,58.040001,58.400002,615200,57.922661,5/2/2019,NFG,-0.008152129,-0.008152157,-0.26%,E
407,58.389999,59.240002,57.380001,58.189999,878300,57.714375,5/3/2019,NFG,-0.003595933,-0.003595942,-0.12%,E
408,57.93,58.369999,57.560001,57.740002,480900,57.268055,5/6/2019,NFG,-0.007733255,-0.007733236,-0.50%,D
409,57.540001,57.939999,56.93,57.099998,406200,56.633282,5/7/2019,NFG,-0.011084242,-0.011084239,-0.61%,D
410,57.139999,57.279999,56.630001,56.66,366900,56.19688,5/8/2019,NFG,-0.007705752,-0.007705745,-0.60%,D
411,56.59,57.049999,56.060001,56.860001,658900,56.395248,5/9/2019,NFG,0.003529876,0.003529845,-0.46%,E
412,56.990002,57.259998,56.77,57.130001,514700,56.66304,5/10/2019,NFG,0.004748485,0.004748505,-0.21%,E
413,56.880001,57.380001,56.619999,57.060001,469400,56.593613,5/13/2019,NFG,-0.001225261,-0.001225276,-0.01%,E
414,57,57.43,56.84,57.150002,435300,56.682877,5/14/2019,NFG,0.00157728,0.001577305,0.17%,E
415,57.299999,57.389999,56.93,56.93,276500,56.464676,5/15/2019,NFG,-0.003849505,-0.003849554,0.02%,E
416,56.98,57.529999,56.849998,57.32,351700,56.851486,5/16/2019,NFG,0.006850478,0.006850518,0.07%,E
417,57.330002,57.57,57.049999,57.16,443400,56.692795,5/17/2019,NFG,-0.002791325,-0.002791347,0.04%,E
418,57.279999,57.279999,56.700001,56.84,479100,56.375412,5/20/2019,NFG,-0.005598295,-0.005598321,-0.11%,E
419,57.029999,57.209999,56.669998,56.77,397300,56.305984,5/21/2019,NFG,-0.00123153,-0.001231527,-0.06%,E
420,56.700001,57.049999,56.52,56.669998,258900,56.206799,5/22/2019,NFG,-0.001761536,-0.001761529,-0.23%,E
421,56.549999,57.240002,55.75,56.34,489000,55.879498,5/23/2019,NFG,-0.005823157,-0.005823152,-0.29%,E
422,56.529999,56.98,56.099998,56.139999,669100,55.681129,5/24/2019,NFG,-0.003549942,-0.003549894,-0.25%,E
423,56.540001,56.540001,54.849998,54.900002,629300,54.451267,5/28/2019,NFG,-0.022087591,-0.022087585,-0.67%,D
424,55,55,53.84,54.02,565200,53.578461,5/29/2019,NFG,-0.016029122,-0.01602918,-0.95%,D
425,53.970001,54.369999,53.459999,53.48,464700,53.042873,5/30/2019,NFG,-0.00999633,-0.009996298,-1.04%,D
426,53.299999,53.790001,53.16,53.310001,1266500,52.874264,5/31/2019,NFG,-0.003178731,-0.00317874,-1.04%,D
427,53.400002,54.060001,52.779999,53.490002,1126800,53.052792,6/3/2019,NFG,0.003376463,0.003376496,-0.52%,D
428,53.700001,54.599998,53.369999,54.560001,884200,54.114048,6/4/2019,NFG,0.020003773,0.02000372,0.20%,E
429,54.59,55.16,54.360001,55.009998,509500,54.560368,6/5/2019,NFG,0.008247766,0.008247745,0.57%,U
430,55.169998,55.720001,55.02,55.57,590400,55.115791,6/6/2019,NFG,0.010179972,0.010180004,0.83%,U
431,55.939999,55.98,54.880001,54.880001,532600,54.431431,6/7/2019,NFG,-0.012416768,-0.012416754,0.51%,U
432,54.59,54.740002,53.529999,53.59,465600,53.151974,6/10/2019,NFG,-0.023505849,-0.023505849,-0.35%,E
433,53.52,53.77,52.57,52.950001,569300,52.517208,6/11/2019,NFG,-0.011942473,-0.011942508,-0.76%,D
434,53.209999,53.5,52.970001,53.330002,542000,52.8941,6/12/2019,NFG,0.007176543,0.0071766,-0.83%,D
435,53.470001,53.790001,53.389999,53.77,473000,53.330505,6/13/2019,NFG,0.008250542,0.008250478,-0.41%,E
436,53.950001,54.220001,53.759998,54.040001,337900,53.598297,6/14/2019,NFG,0.005021366,0.005021406,0.17%,E
437,53.860001,54.290001,53.5,54.209999,523100,53.766907,6/17/2019,NFG,0.003145809,0.003145781,0.47%,E
438,54.650002,54.650002,53.720001,54.02,511800,53.578461,6/18/2019,NFG,-0.00350487,-0.00350487,0.26%,E
439,54.02,54.470001,53.869999,54.32,385500,53.876007,6/19/2019,NFG,0.005553463,0.005553499,0.20%,E
440,54.900002,54.900002,53.889999,54.18,489900,53.737152,6/20/2019,NFG,-0.002577307,-0.00257732,0.05%,E
441,53.950001,54.610001,53.849998,54.599998,1095400,54.153717,6/21/2019,NFG,0.007751899,0.007751901,0.14%,E
442,54.880001,54.919998,54.360001,54.470001,452400,54.024784,6/24/2019,NFG,-0.002380871,-0.002380898,0.17%,E
443,54.529999,54.880001,54.369999,54.439999,611400,53.995026,6/25/2019,NFG,-0.000550821,-0.000550799,0.04%,E
444,54.52,54.52,53.220001,53.220001,444300,52.785,6/26/2019,NFG,-0.022409953,-0.022409956,-0.35%,E
445,52.779999,52.970001,51.709999,51.869999,637100,51.869999,6/27/2019,NFG,-0.017334489,-0.025366441,-0.86%,D
446,51.970001,52.84,51.970001,52.75,922100,52.75,6/28/2019,NFG,0.01696551,0.01696551,-0.48%,E
447,52.880001,53.150002,52.700001,53.119999,578000,53.119999,7/1/2019,NFG,0.007014199,0.007014199,-0.33%,E
448,53.330002,53.849998,53.169998,53.709999,722100,53.709999,7/2/2019,NFG,0.011106928,0.011106928,0.35%,E
449,53.880001,54.610001,53.77,53.91,1484700,53.91,7/3/2019,NFG,0.00372372,0.00372372,0.77%,U
450,53.419998,53.73,52.970001,53.709999,404000,53.709999,7/5/2019,NFG,-0.003709905,-0.003709905,0.36%,E
451,53.860001,53.900002,53.369999,53.599998,432700,53.599998,7/8/2019,NFG,-0.002048054,-0.002048054,0.18%,E
452,53.34,53.59,53.099998,53.52,345400,53.52,7/9/2019,NFG,-0.0014925,-0.0014925,-0.07%,E
453,53.889999,53.919998,53.580002,53.73,291500,53.73,7/10/2019,NFG,0.003923767,0.003923767,-0.07%,E
454,53.709999,53.779999,53.299999,53.540001,385300,53.540001,7/11/2019,NFG,-0.003536181,-0.003536181,-0.06%,E
455,53.470001,53.650002,52.889999,53.139999,416800,53.139999,7/12/2019,NFG,-0.007471087,-0.007471087,-0.17%,E
456,52.75,52.939999,51.709999,51.939999,851900,51.939999,7/15/2019,NFG,-0.02258186,-0.02258186,-0.59%,D
457,51.639999,51.740002,50.970001,51.619999,822200,51.619999,7/16/2019,NFG,-0.006160955,-0.006160955,-0.80%,D
458,51.869999,52.049999,50.599998,50.639999,598500,50.639999,7/17/2019,NFG,-0.01898489,-0.01898489,-1.11%,D
459,50.470001,50.470001,49.32,49.419998,937900,49.419998,7/18/2019,NFG,-0.024091647,-0.024091647,-1.45%,D
460,49.490002,49.540001,48.299999,48.5,874500,48.5,7/19/2019,NFG,-0.018615905,-0.018615905,-1.36%,D
461,48.529999,48.669998,47.990002,48.299999,717300,48.299999,7/22/2019,NFG,-0.004123732,-0.004123732,-1.34%,D
462,48.32,48.560001,47.610001,48.099998,1165100,48.099998,7/23/2019,NFG,-0.004140808,-0.004140808,-1.04%,D
463,48.16,48.380001,47.91,47.950001,816400,47.950001,7/24/2019,NFG,-0.003118441,-0.003118441,-0.61%,D
464,47.93,48.259998,46.599998,46.84,992700,46.84,7/25/2019,NFG,-0.023149134,-0.023149134,-0.69%,D
465,46.810001,46.970001,45.790001,46.07,1170000,46.07,7/26/2019,NFG,-0.016438941,-0.016438941,-0.94%,D
466,46.110001,46.650002,45.84,46.23,932100,46.23,7/29/2019,NFG,0.003472976,0.003472976,-0.80%,D
467,46.139999,47.59,46.139999,47.299999,1628100,47.299999,7/30/2019,NFG,0.023145122,0.023145122,-0.28%,E
468,47.389999,48.57,47.299999,47.740002,3328500,47.740002,7/31/2019,NFG,0.009302389,0.009302389,0.38%,E
469,47.57,47.849998,46.779999,46.869999,1187600,46.869999,8/1/2019,NFG,-0.018223774,-0.018223774,0.34%,E
470,47.040001,49.009998,46.66,48.860001,1628400,48.860001,8/2/2019,NFG,0.042457906,0.042457906,1.11%,U
471,48.490002,48.490002,46.98,47.720001,1353000,47.720001,8/5/2019,NFG,-0.023331968,-0.023331968,0.18%,E
472,47.880001,47.98,46.98,47.860001,940700,47.860001,8/6/2019,NFG,0.00293378,0.00293378,0.05%,E
473,47.700001,48.75,47.09,48.59,893800,48.59,8/7/2019,NFG,0.0152528,0.0152528,0.72%,U
474,48.439999,49.07,47.990002,49.029999,891300,49.029999,8/8/2019,NFG,0.009055341,0.009055341,0.07%,E
475,49.049999,49.169998,47.16,47.470001,911300,47.470001,8/9/2019,NFG,-0.031817215,-0.031817215,-0.10%,E
476,47.25,47.419998,46.48,47.130001,364400,47.130001,8/12/2019,NFG,-0.007162418,-0.007162418,-0.30%,E
477,46.759998,47.959999,46.700001,47.32,861100,47.32,8/13/2019,NFG,0.004031381,0.004031381,-0.53%,D
478,47.060001,47.209999,46.389999,46.48,640100,46.48,8/14/2019,NFG,-0.017751479,-0.017751479,-1.07%,D
479,46.439999,46.93,46.110001,46.59,580900,46.59,8/15/2019,NFG,0.002366609,0.002366609,-0.37%,E
480,46.580002,47.150002,46.459999,47.040001,838100,47.040001,8/16/2019,NFG,0.009658747,0.009658747,-0.04%,E
481,47.18,47.650002,47.029999,47.470001,444300,47.470001,8/19/2019,NFG,0.009141156,0.009141156,0.06%,E
482,47.66,47.66,46.91,46.939999,320300,46.939999,8/20/2019,NFG,-0.011164988,-0.011164988,0.20%,E
483,46.959999,47.57,46.939999,47.529999,454400,47.529999,8/21/2019,NFG,0.012569238,0.012569238,0.40%,E
484,47.48,47.599998,46.84,46.939999,486200,46.939999,8/22/2019,NFG,-0.012413213,-0.012413213,-0.04%,E
485,46.860001,46.970001,45.470001,45.580002,460500,45.580002,8/23/2019,NFG,-0.028973094,-0.028973094,-0.81%,D
486,45.759998,46.52,45.560001,46.41,460600,46.41,8/26/2019,NFG,0.018209696,0.018209696,-0.23%,E
487,46.73,46.73,45.740002,45.75,303200,45.75,8/27/2019,NFG,-0.014221073,-0.014221073,-0.77%,D
488,45.830002,46.23,45.610001,45.759998,581600,45.759998,8/28/2019,NFG,0.000218536,0.000218536,-0.51%,D
489,46.139999,46.830002,46.139999,46.610001,406500,46.610001,8/29/2019,NFG,0.018575241,0.018575241,0.45%,E
490,46.630001,46.990002,46.209999,46.740002,617800,46.740002,8/30/2019,NFG,0.002789122,0.002789122,0.14%,E
491,46.57,46.889999,46.029999,46.810001,564200,46.810001,9/3/2019,NFG,0.001497625,0.001497625,0.46%,E
492,46.900002,47.200001,46.59,46.98,390800,46.98,9/4/2019,NFG,0.003631681,0.003631681,0.52%,U
493,46.889999,47.849998,46.889999,47.459999,784800,47.459999,9/5/2019,NFG,0.010217092,0.010217092,0.36%,E
494,47.59,47.59,46.860001,47,414200,47,9/6/2019,NFG,-0.009692352,-0.009692352,0.11%,E
495,47.09,48.220001,46.880001,48.209999,772400,48.209999,9/9/2019,NFG,0.02574466,0.02574466,0.59%,U
496,48.040001,49.450001,48.040001,49.27,648900,49.27,9/10/2019,NFG,0.021987161,0.021987161,0.96%,U
497,49.32,50,49.029999,50,558600,50,9/11/2019,NFG,0.014816318,0.014816318,1.05%,U
498,50.369999,50.459999,48.509998,48.740002,423500,48.740002,9/12/2019,NFG,-0.02519996,-0.02519996,0.72%,U
499,48.759998,49.349998,48.529999,48.73,456600,48.73,9/13/2019,NFG,-0.000205211,-0.000205211,0.21%,E
500,49.209999,49.380001,48.82,49.150002,600500,49.150002,9/16/2019,NFG,0.008618962,0.008618962,-0.05%,E
501,49.02,49.119999,48.259998,48.470001,481100,48.470001,9/17/2019,NFG,-0.013835218,-0.013835218,-0.62%,D
502,48.689999,48.959999,48.27,48.560001,495900,48.560001,9/18/2019,NFG,0.001856819,0.001856819,-0.07%,E
503,48.869999,49.540001,47.959999,48.130001,627600,48.130001,9/19/2019,NFG,-0.008855025,-0.008855025,-0.25%,E
,,,,,,,,,,,,
,,,,,,,,,,Range,3.48%,
,,,,,,,,,,Average,-0.0134%,
